Schm Desc,Rate,Sanct Lim,Balance,Status
1,9,1500000,982892.11,1
2,9,11000000,10795157.66,1
2,9,2490000,2285793.8,1
2,9,2500000,1573117.89,1
2,9,2500000,2327153.93,1
2,9,2500000,1645400.44,1
2,9,5000000,4415732.17,1
2,9,4300000,3179313.45,1
3,9,3300000,2692638.39,1
3,9,2600000,1899973.89,1
3,9,2900000,2887160.6,1
3,9,4000000,3780577.87,1
4,0,300000,0,2
4,0,500000,0,2
4,0,175000,0,2
4,0,300000,0,2
4,9,300000,148532.07,1
4,0,400000,0,2
4,0,1000000,0,2
4,9,420000,23211.68,1
4,9,160000,114838.52,1
4,21,450000,72086.31,3
4,9,1000000,695459.55,1
4,9,2000000,1480211.28,1
4,9,700000,253866.83,1
4,9,240000,118886.91,1
4,9,400000,126956.36,1
4,9,400000,307183.83,1
4,9,185000,114000.38,1
4,9,225000,148262.45,1
4,9,1500000,536810.7,1
4,9,200000,184291.57,1
4,9,370000,144656.65,1
4,9,500000,423642.27,1
4,17,180000,38325.01,3
4,9,1200000,377942.67,1
4,9,120000,89762,1
4,9,500000,278787.36,1
4,9,200000,97212.39,1
4,9,180000,56190.56,1
4,9,2000000,1274871.03,1
4,9,500000,443354.7,1
4,9,1496000,1150481.85,1
4,9,1700000,1372003.33,1
4,9,180000,146956.95,1
4,9,400000,357746.65,1
4,9,400000,381984.27,1
4,9,200000,19317.31,1
4,9,380000,210051.5,1
4,9,1200000,1040135.63,1
4,9,400000,367558.13,1
4,9,1000000,404745.42,1
4,9,327000,220033.49,1
4,9,815000,167655.76,1
4,9,200000,0,1
4,9,1000000,320076.36,1
4,9,248000,18895.32,1
4,9,1000000,249260.91,1
4,9,300000,0,1
4,9,1700000,1647729.69,1
4,9,220000,23121.67,1
4,9,270000,85522,1
4,9,300000,189776.16,1
4,9,119000,12507.76,1
4,9,450000,184992.39,1
4,9,300000,74165.99,1
4,9,120000,87510.36,1
4,9,235000,192487.1,1
4,9,800000,677341.07,1
4,9,325000,207140.8,1
4,9,150000,5008.93,1
4,9,314000,253009.46,1
4,9,1000000,769101.21,1
4,9,400000,63074.5,1
4,9,400000,227601.53,1
4,9,690000,379324.86,1
4,9,200000,155340.79,1
4,9,2000000,1597115.91,1
4,9,700000,539652.31,1
4,9,150000,78507.64,1
4,9,200000,106971.11,1
4,9,500000,364554.34,1
4,9,400000,175438.85,1
4,9,800000,554580.72,1
4,9,1000000,798520.66,1
4,9,1000000,593379.93,1
4,9,1000000,661691.32,1
4,9,1000000,771005.67,1
4,9,500000,270183.5,1
4,9,600000,318189.18,1
4,9,1000000,761437.61,1
4,9,2000000,1512370.45,1
4,9,2000000,1332899.82,1
4,9,430000,312637.21,1
4,9,800000,673918.9,1
4,9,200000,79532.93,1
4,9,200000,92661.3,1
4,9,200000,120996.54,1
4,9,200000,4345.23,1
4,9,500000,405098.58,1
4,9,100000,81955.76,1
4,9,150000,90583.93,1
4,9,200000,115005.6,1
4,9,300000,137477.14,1
4,9,400000,341616.89,1
4,9,240000,164846.72,1
4,9,200000,231916.55,1
4,9,200000,133231.56,1
4,9,290000,193185.84,1
4,9,200000,115708.54,1
4,9,310000,282810.5,1
4,9,384000,341648.51,1
4,9,290000,200023.33,1
4,9,750000,552451.06,1
4,9,313000,268413.49,1
4,9,130000,66166.7,1
4,9,270000,185147.83,1
4,9,185000,138550.69,1
4,9,240000,178907.44,1
4,9,230000,188732.88,1
4,9,200000,113870.27,1
4,9,140000,141393.4,1
4,9,320000,244314.59,1
4,9,1196000,711073.59,1
4,9,350000,269175.93,1
4,9,200000,139926.02,1
4,9,330000,278054.63,1
4,9,200000,138773.5,1
4,9,290000,231433.81,1
4,9,200000,134903.18,1
4,9,200000,163226.42,1
4,9,490000,466860.33,1
4,9,1000000,852594.81,1
4,9,300000,193197.09,1
4,9,260000,182044.23,1
4,9,250000,218880.52,1
4,9,190000,166356.06,1
4,9,250000,204132.28,1
4,9,195000,190705.25,1
4,9,160000,127124.28,1
4,9,1000000,946893.01,1
4,9,320000,233013.89,1
4,9,150000,104867.09,1
4,9,600000,542306.15,1
4,9,200000,123804.03,1
4,9,350000,276802.84,1
4,9,290000,230775.65,1
4,9,300000,185409.44,1
4,9,180000,112091.3,1
4,9,150000,88969.68,1
4,9,310000,245802.72,1
4,9,380000,322314.69,1
4,9,275000,226912.01,1
4,9,190000,169620.76,1
4,9,360000,350501.23,1
4,9,300000,277043.25,1
4,9,280000,202506.62,1
4,9,130000,116411.11,1
4,9,300000,269211.57,1
4,9,230000,213462.12,1
4,9,500000,410873.98,1
4,9,400000,333214.45,1
4,9,200000,139226.96,1
4,9,340000,296129.21,1
4,9,320000,294219.01,1
4,9,120000,102288.7,1
4,9,1000000,484355.09,1
4,9,625000,201567.65,1
4,12.5,325000,177.25,3
4,9,1000000,461370.2,1
4,9,1000000,407689.78,1
4,9,500000,318050.45,1
4,9,2000000,1433266.51,1
4,9,545000,280437.63,1
4,9,200000,41186.93,1
4,9,495000,270860.4,1
4,9,950000,546413.54,1
4,9,1330000,1092316.95,1
4,9,190000,43457.11,1
4,9,1500000,730196.99,1
4,9,250000,119185.06,1
4,9,2000000,621639.56,1
4,9,2000000,1350681.4,1
4,9,900000,634506.55,1
4,9,400000,219670.3,1
4,9,379000,269741.18,1
4,9,500000,463727.91,1
4,9,700000,538225.77,1
4,9,1050000,759019.44,1
4,9,300000,173583.36,1
4,9,1165000,712676.56,1
4,9,310000,229466.96,1
4,9,800000,629973.52,1
4,9,1000000,653169.06,1
4,9,800000,503689.69,1
4,9,475000,306866.92,1
4,9,140000,119191.4,1
5,9,1000000,943020.48,1
5,9,200000,169702.03,1
5,9,1600000,1554180.96,1
5,9,1500000,1389347.69,1
5,9,170000,161020.49,1
5,9,360000,329306.37,1
5,9,600000,583770.16,1
5,9,130000,109747.13,1
5,9,270000,245018.32,1
5,9,200000,169199.87,1
5,9,260000,226848.23,1
5,9,245000,213508.29,1
5,9,220000,197960.26,1
5,9,430000,405058.86,1
5,9,300000,291810.08,1
5,9,330000,296073.4,1
5,9,300000,276590.33,1
5,9,335000,325126.2,1
5,9,220000,203077.76,1
5,9,250000,237361.68,1
5,9,300000,290760.08,1
5,9,200000,200000,1
5,9,450000,425777.19,1
5,9,245000,238862.82,1
5,9,255000,255000,1
5,9,275000,275000,1
5,9,230000,230000,1
5,9,220000,213224.06,1
5,9,200000,194190.05,1
5,9,350000,339220.09,1
5,9,250000,243425.07,1
5,9,480000,472315.99,1
5,9,300000,283624.71,1
5,9,350000,350000,1
5,9,500000,500000,1
6,0,400000,0,2
6,0,495000,0,2
2,9,12000000,9356711.08,1
2,9,4500000,1874844.52,1
2,9,2650000,1950406.53,1
2,9,7000000,5109899.92,1
2,9,9000000,1509281.34,1
3,9,12000000,2383678.95,1
4,9,1100000,552610.58,1
4,9,321495,59200.63,1
4,0,600000,0,2
4,0,220000,0,2
4,9,1200000,622469.22,1
4,0,500000,0,2
4,0,250000,0,2
4,0,300000,0,2
4,0,1000000,0,2
4,9,259000,154090.4,1
4,0,250000,0,2
4,9,300000,246912.27,1
4,9,400000,220586.22,1
4,9,150000,34448.11,1
4,9,530000,-3278.77,1
4,0,200000,0,2
4,9,450000,271775.17,1
4,9,600000,51027.51,1
4,0,1000000,0,2
4,21,300000,72209.67,3
4,0,500000,0,2
4,0,300000,0,2
4,0,250000,0,2
4,9,300000,225003.66,1
4,0,480000,0,2
4,0,300000,0,2
4,9,250000,230830.72,1
4,9,310000,232893.53,1
4,9,195000,49356.51,1
4,9,280000,210448.12,1
4,11.5,150000,0,4
4,9,1000000,424228.09,1
4,9,1000000,396358.13,1
4,9,250000,192342.41,1
4,9,600000,351760.2,1
4,9,200000,56027.12,1
4,9,700000,-3943.8,1
4,9,1000000,532035.43,1
4,9,1000000,98588.36,1
4,9,350000,321731.83,1
4,9,300000,217140.43,1
4,15,700000,631000.72,3
4,9,300000,70995.73,1
4,9,1000000,913852.97,1
4,9,784000,526858.1,1
4,9,1000000,375217.38,1
4,9,800000,163705.07,1
4,9,150000,50083.89,1
4,12.5,231000,215976.13,3
4,9,355000,136952.59,1
4,9,665000,150071.8,1
4,9,120000,39112.28,1
4,9,600000,388322.1,1
4,11.5,700000,612578.71,3
4,9,750000,317443.07,1
4,9,120000,80803.27,1
4,9,450000,137063.17,1
4,9,840000,408415.24,1
4,9,450000,223464.33,1
4,9,140000,58549.5,1
4,9,800000,274111.54,1
4,9,320000,281896.86,1
4,9,200000,25122.38,1
4,9,175000,68503.93,1
4,9,450000,385010.44,1
4,9,180000,50046.72,1
4,9,500000,379006.56,1
4,9,500000,110732.2,1
4,0,1000000,0,2
4,9,2000000,1582743.51,1
4,9,1500000,839162.04,1
4,9,1500000,1293753.23,1
4,9,1500000,863020.5,1
4,9,1050000,581287.17,1
4,9,500000,442048.38,1
4,9,694000,396650.39,1
4,9,1430000,1097946.6,1
4,9,159000,128094.38,1
4,9,650000,387028.88,1
4,9,650000,660363.57,1
4,9,590000,448711.47,1
4,9,1500000,442970.64,1
4,9,300000,201410.87,1
4,9,290000,283799.39,1
4,9,1000000,654439.1,1
4,9,1200000,797394.42,1
4,9,1000000,646413.8,1
4,9,330000,261424.39,1
4,9,320000,266246.72,1
4,9,250000,146168.87,1
4,9,300000,281084.34,1
4,9,280000,122630.5,1
4,9,345000,150242.81,1
4,9,200000,103533.14,1
4,9,230000,172421.66,1
4,9,500000,186954.16,1
4,9,365000,279944.03,1
4,9,300000,188448.63,1
4,9,400000,253475.4,1
4,9,170000,165878.05,1
4,9,270000,134245.43,1
4,9,360000,245378.95,1
4,9,300000,138950.83,1
4,9,300000,173255.88,1
4,9,250000,166928.98,1
4,9,250000,100302.17,1
4,9,330000,180503.65,1
4,9,250000,244244.57,1
4,9,1200000,663458.04,1
4,9,200000,85936.2,1
4,9,250000,161328.13,1
4,9,180000,71501.97,1
4,9,300000,173357.04,1
4,9,250000,107477.6,1
4,9,245000,176997.83,1
4,9,330000,296678.49,1
4,9,120000,72819.62,1
4,9,160000,105667.74,1
4,9,300000,182531.14,1
4,9,200000,85464.8,1
4,9,350000,149265.39,1
4,9,500000,364969.74,1
4,9,700000,320069.47,1
4,9,245000,169395.92,1
4,9,158000,67242.88,1
4,9,250000,173329.01,1
4,9,250000,198216.86,1
4,9,250000,157485.2,1
4,9,200000,143473.98,1
4,9,200000,126458.2,1
4,9,600000,272206.37,1
4,9,335000,204452.31,1
4,9,146000,94573.14,1
4,9,160000,77486.63,1
4,9,370000,269049.8,1
4,9,250000,121408.99,1
4,9,300000,154235.91,1
4,9,300000,145264.61,1
4,9,250000,164884.47,1
4,9,450000,331465.6,1
4,9,200000,45170.89,1
4,9,300000,216831.48,1
4,9,411000,322921.02,1
4,9,1000000,736582.98,1
4,9,300000,160561.64,1
4,9,250000,127395.6,1
4,9,200000,101669.08,1
4,9,366000,244613.1,1
4,9,145000,103836.2,1
4,9,250000,190541.32,1
4,9,300000,110798.46,1
4,9,250000,193768.03,1
4,9,480000,321752.12,1
4,9,300000,239076.13,1
4,9,140000,112084.26,1
4,9,300000,213319.04,1
4,9,275000,156571.6,1
4,9,280000,149963.61,1
4,9,150000,96637.06,1
4,9,350000,254349.49,1
4,9,495000,390930.04,1
4,9,250000,189170.19,1
4,9,400000,329086.44,1
4,9,195000,149858.88,1
4,9,200000,179739.02,1
4,9,400000,312921.47,1
4,9,400000,387281.5,1
4,9,360000,204966.5,1
4,9,300000,259239.82,1
4,9,280000,206672.83,1
4,9,290000,64348.06,1
4,9,310000,237188.56,1
4,9,350000,249209.09,1
4,9,300000,206706.24,1
4,9,390000,248716.91,1
4,9,370000,374628.9,1
4,9,300000,272387.54,1
4,9,320000,253432.24,1
4,9,320000,197770.05,1
4,9,200000,164317.85,1
4,9,250000,212854.33,1
4,9,310000,273834.66,1
4,9,240000,190150.22,1
4,9,300000,238163.05,1
4,9,250000,236460.27,1
4,9,300000,238638.38,1
4,9,240000,203838.14,1
4,9,320000,226441.01,1
4,9,300000,195426.4,1
4,9,320000,199273.41,1
4,9,360000,304306.1,1
4,9,300000,239398.85,1
4,9,350000,206837.86,1
4,9,330000,194934.77,1
4,9,815000,636615.33,1
4,9,350000,347088.68,1
4,9,200000,118497.99,1
4,9,298000,244709.7,1
4,9,250000,147804.87,1
4,9,240000,141770.73,1
4,9,480000,354549.52,1
4,9,260000,206909.77,1
4,9,265000,227179.98,1
4,9,180000,138444.77,1
4,9,250000,164791.34,1
4,9,800000,478598.61,1
4,9,250000,175461.61,1
4,9,250000,193189.9,1
4,9,310000,183821.15,1
4,9,290000,223604.2,1
4,9,600000,540567.09,1
4,9,330000,298067.58,1
4,9,230000,175702,1
4,9,255000,221938.09,1
4,9,220000,147406.9,1
4,9,500000,349190.99,1
4,9,270000,226185.93,1
4,9,170000,114443.21,1
4,9,300000,261851,1
4,9,290000,252120.67,1
4,9,320000,322857.57,1
4,9,150000,131015.73,1
4,9,177000,119389.3,1
4,9,260000,175179.78,1
4,9,310000,253628.77,1
4,9,450000,303195.73,1
4,9,250000,218028.65,1
4,9,159000,140422.48,1
4,9,130000,107305.78,1
4,9,380000,267940.85,1
4,9,250000,161574.96,1
4,9,210000,165228.14,1
4,9,200000,146112.86,1
4,9,250000,238409.93,1
4,9,200000,184377.93,1
4,9,200000,196813.67,1
4,9,250000,181544.55,1
4,9,330000,280951.14,1
4,9,225000,191646.39,1
4,9,300000,239530.87,1
4,9,430000,417857.54,1
4,9,270000,210005.92,1
4,9,200000,190863.61,1
4,9,700000,599459.8,1
4,9,200000,149960.24,1
4,9,305000,220016.92,1
4,9,250000,237541.28,1
4,9,272000,248939.43,1
4,9,175000,161775.31,1
4,9,240000,214575.37,1
4,9,400000,391054.51,1
4,9,250000,223598.7,1
4,9,200000,178482.02,1
4,9,150000,124466.55,1
4,9,170000,127785.79,1
4,9,150000,139351.7,1
4,9,200000,210039.96,1
4,9,399000,325639.43,1
4,9,330000,229230.06,1
4,9,270000,187551.81,1
4,9,260000,232112.63,1
4,9,120000,83626.04,1
4,9,220000,198948.96,1
4,9,370000,314909.73,1
4,9,240000,197215.72,1
4,9,255000,217363.52,1
4,9,200000,179111.1,1
4,9,600000,227951.6,1
4,9,600000,358552.2,1
4,9,630000,419863.57,1
4,9,410000,191325.39,1
4,9,600000,528491.58,1
4,9,320000,200898.35,1
4,10,1000000,814255.36,3
4,9,400000,121352.82,1
4,9,700000,35842.69,1
4,9,1500000,974036.03,1
4,9,850000,11376.9,1
4,9,445000,222538.16,1
4,9,1000000,419802.35,1
4,9,300000,215800.97,1
4,9,400000,119881.54,1
4,9,2000000,1367192.11,1
4,9,1200000,551586.3,1
4,9,515000,188207.37,1
4,9,220000,-175.44,5
4,9,800000,257833.92,1
4,9,300000,96653.72,1
4,9,400000,193423.4,1
4,9,2000000,1366721.22,1
4,9,400000,59719.34,1
4,9,524000,314773.04,1
4,9,240000,40306.53,1
4,9,200000,-1327.76,1
4,9,500000,173309.69,1
4,9,1800000,1075712.98,1
4,9,445000,167191.04,1
4,9,900000,409804.09,1
4,9,1000000,687249.49,1
4,9,400000,166365.01,1
4,9,400000,148045.34,1
4,9,992000,546759.62,1
4,9,370000,232130.32,1
4,12.5,1300000,1553067.24,3
4,9,160000,-1401.89,1
4,9,200000,29784.91,1
4,9,2000000,1093090.05,1
4,9,300000,129923.71,1
4,9,300000,99869.96,1
4,9,160000,32398.99,1
4,9,840000,508625.81,1
4,9,500000,219089.05,1
4,9,300000,67051.47,1
4,9,300000,93216.53,1
4,9,780000,429722.03,1
4,9,1000000,1052922.83,1
4,9,250000,58632.43,1
4,9,300000,19382.72,1
4,9,300000,85581.7,1
4,9,360000,179714.2,1
4,9,200000,67433.46,1
4,9,1000000,499206.23,1
4,9,370000,316092.48,1
4,9,700000,482755.79,1
4,9,600000,323704.11,1
4,9,350000,66792.7,1
4,9,380000,321472.16,1
4,9,320000,178320.24,1
4,9,270000,103808.35,1
4,9,1500000,749171.66,1
4,9,223000,70705.99,1
4,9,295000,162337.01,1
4,9,460000,197002.52,1
4,9,2000000,1325342.03,1
4,9,232000,99294.12,1
4,9,200000,104419.24,1
4,9,596000,242993.29,1
4,9,1000000,613928.04,1
4,9,500000,171067.39,1
4,9,660000,480156.09,1
4,9,300000,134003.44,1
4,9,330000,264977.18,1
4,9,130000,56936.75,1
4,9,450000,245468.84,1
4,9,430000,296497.67,1
7,9,500000,499.77,5
7,9,500000,499.86,5
7,9,500000,500,5
7,9,500000,500,5
7,17.5,500000,569840,3
7,17.5,300000,342047,3
7,17.5,200000,228154,3
7,9,500000,0,1
7,9,500000,500000,1
7,9,2167000,0,1
7,9,3142000,3142000,1
7,9,1500000,1493632.46,1
7,9,2500000,2487383.03,1
7,9,3142000,0,1
7,9,3000000,2984257.77,1
7,9,3142000,0,1
7,9,239000,237662.82,1
7,9,2000000,1990507.13,1
7,9,7500000,837805.61,1
7,9,2500000,2487384.88,1
7,9,1000000,994257.85,1
7,9,2000000,1990509.13,1
7,9,700000,696127.21,1
7,9,1300000,1294883.53,1
7,9,1335000,1329662.02,1
7,9,5000000,5000000,1
7,9,1000000,0,1
8,17.5,2800000,5644940.02,3
5,9,582000,582000,1
5,9,200000,194590.05,1
5,9,249000,243437.25,1
5,9,590000,590000,1
5,9,320000,303097.38,1
5,9,400000,391145.98,1
5,9,360000,334463.97,1
5,9,780000,713699.71,1
5,9,221000,211793.38,1
5,9,340000,313986.85,1
5,9,200000,194190.05,1
5,9,340000,308583.9,1
5,9,250000,217865.6,1
5,9,280000,253412.01,1
5,9,300000,261825.27,1
5,9,210000,184143.62,1
5,9,310000,288010.65,1
5,9,628500,620167.12,1
5,9,220000,203335.49,1
5,9,300000,277347.36,1
5,9,1000000,957377.11,1
5,9,150000,134291.24,1
5,9,280000,258719.54,1
5,9,320000,287715.82,1
5,9,251000,226010.19,1
5,9,320000,288288.8,1
5,9,310000,279040.29,1
5,9,350000,325568.52,1
5,9,325000,302814.47,1
5,9,180000,164579.88,1
5,9,300000,270654.42,1
5,9,300000,270500.94,1
5,9,240000,228537.7,1
5,9,330000,295862.8,1
5,9,230000,223951.06,1
5,9,310000,301537.08,1
5,9,615000,605923.61,1
5,9,250000,236290.95,1
5,9,250000,236353.93,1
5,9,250000,244561.28,1
5,9,250000,236479.9,1
5,9,200000,189385.46,1
5,9,265000,258647.12,1
5,9,260000,247380.18,1
5,9,310000,302467.08,1
5,9,330000,330000,1
5,9,100000,100000,1
5,9,300000,300000,1
5,9,200000,200000,1
5,9,250000,250000,1
5,9,160000,160000,1
5,9,248000,248000,1
5,9,210000,210000,1
5,9,300000,300000,1
5,9,285000,285000,1
5,9,250000,250345,1
5,9,310000,300994.58,1
5,9,150000,145680.04,1
5,9,150000,150000,1
5,9,295000,286946.58,1
9,9,340000,314590.96,1
9,9,310000,270632.65,1
9,9,350000,340506.16,1
10,0,2500000,0,2
10,0.5,1250000,0,2
11,19.5,1750000,1590890.52,3
11,0,2500000,0,1
11,0,1250000,0,1
6,0,990000,0,2
6,0,990000,0,2
6,0,500000,0,2
6,0,500000,0,2
6,0,500000,0,2
6,0,990000,0,2
6,0,500000,0,2
6,0,500000,0,2
6,0,400000,0,2
6,0,800000,0,2
6,0,800000,0,2
6,0,500000,0,2
6,0,600000,0,2
6,0,990000,0,2
6,0,990000,0,2
6,0,990000,0,2
6,0,495000,0,2
6,0,742000,0,2
6,0,990000,0,2
6,0,500000,0,2
6,19,700000,433647.9,3
6,0,400000,0,2
6,0,600000,0,2
6,0,700000,0,2
6,0,250000,0,2
6,0,400000,0,2
6,0,400000,0,2
6,0,495000,0,2
6,19.5,990000,540924.78,3
6,0,495000,0,2
6,19.5,700000,801069.22,3
6,0,600000,0,2
6,0,990000,0,2
12,8.5,50000000,43454768.11,1
13,0,1800000,0,1
14,8,10800000,-115.93,1
15,0,10000000,227604.22,5
16,13,125000,88590.34,1
16,7.79,1200000,1110837.8,1
16,7.25,1000000,950145.9,1
16,12.55,376000,257309.84,1
16,12.53,150000,128931.66,1
16,12.53,100000,92619.07,1
16,13.28,1400000,970497.07,1
16,9,390000,-325.99,1
16,10.25,75000,63045.14,1
16,12.25,100000,77052.91,1
16,11.78,360000,301573.24,1
16,11,360000,339114.46,1
16,13,900000,727439.14,1
16,9,800000,673796.44,1
16,13,180000,73156.16,1
16,7,270000,263290.68,1
16,11,121000,93326.09,1
16,8,200000,167805.07,1
17,9,2700000,1212416.46,1
17,8.5,789000,733461.98,1
17,5.5,450000,22500,1
17,8.5,650000,602942.13,1
17,7.5,1800000,-22541.09,1
17,6.5,400000,203308.15,1
17,8,1080000,1040500.7,1
17,14,0,0,1
17,5,495000,495680.23,1
17,13.02,4140000,4045825.3,1
4,9,2000000,1530660.37,1
4,9,2000000,1529854.88,1
4,9,480000,436358.7,1
4,14,1000000,812683.77,3
4,0,1000000,0,2
4,0,800000,0,2
4,0,500000,0,2
4,9,590000,175262.62,1
4,9,2000000,1110950.88,1
4,20,300000,220491.73,3
4,9,320000,40877.95,1
4,9,760000,628707.03,1
4,9,450000,45502.46,1
4,9,251000,162743.5,1
4,9,420000,84663.7,1
4,9,250000,200325.18,1
4,9,1000000,661729.14,1
4,9,1500000,1060058.68,1
4,9,1400000,1052877.51,1
4,9,400000,274123.32,1
4,9,1500000,985979.45,1
4,9,550000,462442.91,1
4,9,1670000,1333164.38,1
4,9,900000,752661.42,1
4,9,450000,154786.17,1
4,9,700000,243063.49,1
4,9,300000,93750.68,1
4,9,180000,42143.89,1
4,9,500000,595.55,1
4,9,500000,499777.99,1
4,9,577000,357356.53,1
4,9,550000,271539.67,1
4,9,1000000,716123.99,1
4,9,340000,190342.11,1
4,9,445000,361466.96,1
4,9,600000,169677.75,1
4,9,800000,669787.99,1
4,9,250000,228340.81,1
4,9,700000,395372.2,1
4,9,350000,193378.03,1
4,9,200000,20306.44,1
4,9,500000,240891.48,1
4,9,950000,340442.73,1
4,9,380000,139263.96,1
4,9,1600000,599383.02,1
4,9,670000,561370.95,1
4,9,200000,163507.16,1
4,9,1500000,1041095.24,1
4,9,1000000,569885.45,1
4,9,950000,783380.65,1
4,9,470000,449894.88,1
4,9,1000000,672361.4,1
4,9,1150000,488488.4,1
4,9,400000,205874.91,1
4,9,300000,196100.29,1
4,9,800000,301416.97,1
4,9,1000000,705544.32,1
4,9,450000,299733.18,1
4,9,800000,559542.5,1
4,9,250000,116706.46,1
4,9,1000000,618629.34,1
4,9,150000,86552.59,1
4,9,260000,144518.95,1
4,9,165000,100714.08,1
4,9,250000,151479.3,1
4,9,446000,367093.7,1
4,9,300000,199777.68,1
4,9,380000,348193.35,1
4,9,430000,393766.62,1
4,9,163000,27721.26,1
4,9,490000,180221.15,1
4,9,330000,296569.36,1
4,9,200000,133031.8,1
4,9,143000,143146.35,1
4,9,150000,134115.09,1
4,9,157000,136532.94,1
4,9,300000,224084.22,1
4,9,250000,193463.77,1
4,9,1000000,850847.66,1
4,9,250000,219089.73,1
4,9,250000,238828.97,1
4,9,750000,664645.02,1
18,9,600000,429206.87,1
18,9,800000,237663.72,1
18,9,500000,84656.88,5
18,9,500000,208264.56,1
18,9,500000,-394.41,1
18,9,800000,0,1
5,9,800000,756462.77,1
5,9,600000,580550.43,1
5,9,340000,334089.09,1
5,9,200000,169078.73,1
5,9,340000,288051.97,1
5,9,750000,697766.37,1
5,9,270000,235294.82,1
5,9,239000,232714.36,1
5,9,250000,250000,1
5,9,220000,220000,1
5,9,330000,330000,1
5,9,400000,400000,1
5,9,250000,242175.07,1
6,19.5,990000,848569.7,3
6,17.5,500000,476438.47,3
6,19.5,400000,120598.94,6
6,19.5,400000,160430.56,6
6,19.5,700000,425747.19,3
19,9,600000,452092.6,1
1,9,1500000,1070905.09,1
1,9,1328000,1139432.04,1
16,11.77,265000,164812.24,1
16,10,50000,50000,1
16,12.53,50000,8772.02,1
16,9,400000,141524.56,1
16,10.48,89000,20119.93,1
16,5.5,90000,86457.64,1
16,10.5,72000,54738.42,1
17,10.75,80000,80611.39,1
4,0,140000,0,2
4,9,1500000,837480.65,1
4,0,1000000,0,2
4,9,800000,-4325.88,1
4,9,500000,120072.4,1
4,20,700000,531909.86,3
4,9,117000,98124.55,1
4,9,1000000,803868.65,1
4,22,700000,594277.61,3
4,9,950000,576292.3,1
4,9,700000,442580.94,1
4,9,300000,17067.93,1
4,9,800000,330804.45,1
4,9,1000000,289399.55,1
4,9,580000,242689.98,1
4,9,200000,40489.97,1
4,9,500000,207240.39,1
4,9,308000,130019.23,1
4,9,600000,326511.72,1
4,9,218000,86177.51,1
4,9,290000,107439.3,1
4,9,600000,221053.3,1
4,9,300000,80110.66,1
4,9,638000,282217.38,1
4,9,1500000,1250926.09,1
4,9,2000000,1287793.48,1
4,9,500000,253353.33,1
4,9,500000,378812.52,1
4,9,2000000,1947316.74,1
4,9,1000000,795579.3,1
4,9,700000,151311.29,1
4,9,180000,175719.04,1
4,9,1200000,1346253.95,1
4,9,1500000,1238468.23,1
4,13.5,1000000,1246906.98,3
4,9,345000,312248.78,1
4,9,150000,56023.82,1
4,9,340000,294599.59,1
4,9,150000,88948.47,1
4,9,200000,151706.87,1
4,9,1000000,835067.4,1
4,9,500000,397704.12,1
4,9,620000,583608.49,1
4,9,2000000,1778565.43,1
4,9,199000,123509.84,1
4,9,100000,61728.97,1
4,9,150000,127990.38,1
4,9,190000,146159.74,1
4,9,100000,64479.95,1
4,9,500000,451259.17,1
4,9,450000,376551.38,1
4,9,156000,141046.1,1
4,9,150000,158303.96,1
4,9,200000,184988.2,1
4,9,100000,72270.33,1
4,9,750000,469350.82,1
4,9,1800000,1646218.11,1
4,9,500000,329950.83,1
4,9,400000,365688.22,1
4,9,200000,194916.33,1
4,9,165000,145608.21,1
4,9,495000,488968.06,1
4,9,350000,317118.96,1
4,9,190000,147956.74,1
4,9,190000,176083.95,1
4,9,190000,157123.67,1
4,9,640000,636207.08,1
4,9,144000,145374.46,1
4,9,100000,85058.81,1
18,15,700000,817024.67,6
18,15,500000,662716.02,3
18,15,500000,502278.43,6
7,9,500000,500000,1
8,9,1100000,367512.16,1
5,9,500000,500000,1
5,9,340000,309197.26,1
5,9,215000,207007.56,1
5,9,600000,530584.58,1
5,9,370000,349674.74,1
5,9,200000,174292.45,1
5,9,250000,218123.31,1
5,9,200000,174653.25,1
5,9,148000,133522.85,1
5,9,200000,175553.25,1
5,9,325000,297459.27,1
5,9,150000,130719.35,1
5,9,500000,453026.69,1
5,9,250000,237524.49,1
5,9,200000,189676.74,1
5,9,155000,147086.14,1
5,9,150000,138257.09,1
5,9,145000,135053.93,1
5,9,152000,140254.85,1
5,9,250000,224202.44,1
5,9,200000,179822.36,1
5,9,200000,180766.43,1
5,9,250000,236731.84,1
5,9,250000,224552.77,1
5,9,250000,236794.82,1
5,9,230000,223203.56,1
5,9,260000,260000,1
5,9,220000,220000,1
5,9,200000,193840.05,1
5,9,200000,193840.05,1
5,9,320000,311264.09,1
5,9,250000,236794.82,1
6,0,500000,0,2
6,19.5,990000,604604.44,3
6,19.5,300000,23180.1,6
6,19.5,600000,203845.02,6
6,17.5,300000,293701.4,3
6,9,400000,35378.57,4
20,9,775000,91319.31,1
20,9,1425000,959054.09,1
20,9,800000,609298.58,1
16,13,378000,228914.14,1
16,12.5,150000,119222.23,1
16,12.53,150000,61820.21,1
16,11.78,180000,49134.64,1
16,10.25,100000,96256.6,1
16,6,180000,175454.05,1
16,10,900000,397152.07,1
16,11.25,50000,50000,1
16,10.77,114500,77437.54,1
17,11.75,1840000,5379.8,1
17,12.5,226000,88953.97,1
17,12.5,220000,169758.74,1
17,8.5,700000,-37890.58,1
17,12.75,810000,110253.86,3
17,8.5,4497700,4837408.23,1
17,10.37,148500,169058.55,1
17,13.03,3600000,3162873.24,1
17,10.78,900000,8659.46,1
17,12.53,400000,-2371.49,1
17,8,240000,-546.26,1
17,8.5,800000,815734.72,1
17,9.75,306000,-23025.04,1
17,10.03,116100,133989.23,1
17,9,810000,45934.14,1
17,8.75,360000,3920.31,1
17,9.56,238500,61000,1
17,10.25,72000,71210.75,1
17,11,63000,63251.44,1
17,10.5,150000,2788.65,1
17,8.5,100000,78860.68,1
17,7,450000,452518.63,1
2,9,4000000,3046437.07,1
2,9,3750000,1996079.9,1
2,9,4500000,4276128.11,1
2,9,8000000,2258156.93,1
4,9,1000000,749912.68,1
4,9,1300000,820081.34,1
4,14,940000,0,3
4,9,650000,280999.97,1
4,9,850000,511191.27,1
4,9,500000,155237.36,1
4,9,1200000,1044837.65,1
4,9,1500000,1028728.47,1
4,9,800000,471077.35,1
4,19,500000,126318.06,3
4,9,390000,126205.18,1
4,22,500000,317480.01,3
4,9,688000,548703.93,1
4,9,1000000,45147.28,1
4,9,460000,293919.02,1
4,9,500000,357827.42,1
4,9,2000000,1346253.4,1
4,9,1200000,224659.31,1
4,9,800000,378183.53,1
4,9,160000,114038.19,1
4,9,1000000,768956.95,1
4,9,300000,56910.19,1
4,9,1500000,653292.47,1
4,9,200000,80989.62,1
4,9,315000,197872.39,1
4,9,375000,221974.25,1
4,9,400000,160994.75,1
4,9,2000000,1243643.93,1
4,9,1000000,214632.51,1
4,9,500000,326117.67,1
4,9,700000,30741.62,1
4,9,700000,484984.52,1
4,9,748000,501832.5,1
4,9,300000,221689.75,1
4,9,300000,109475.18,1
4,9,480000,307839.07,1
4,9,373000,341712.18,1
4,9,450000,414101.5,1
4,9,400000,183455.67,1
4,9,430000,393781.66,1
4,9,100000,-97.73,1
4,9,375000,318268.93,1
4,9,220000,176110.95,1
4,9,400000,204973.77,1
4,9,320000,117639.76,1
4,9,400000,300356.29,1
4,12.5,100000,0,4
4,9,145000,60288.93,1
4,9,210000,65698.06,1
4,9,1000000,641383.55,1
4,9,1500000,929504.12,1
4,9,360000,133647.91,1
4,9,220000,96010.03,1
4,9,200000,90943.34,1
4,9,124000,95169.48,1
4,9,200000,81893.01,1
4,9,280000,81251.87,1
4,9,100000,9547.06,1
4,9,200000,164061.53,1
4,9,180000,63492.95,1
4,9,280000,178306.32,1
4,9,500000,283529.49,1
4,9,325000,269221.6,1
4,9,480000,404465.87,1
4,9,310000,268082.49,1
4,9,400000,353285.63,1
4,9,461000,420036.61,1
4,9,1000000,585197.97,1
4,9,1000000,600913.68,1
4,9,1000000,642042.94,1
4,9,174000,51279.44,1
4,9,500000,141249.61,1
4,9,160000,83547.73,1
4,9,1000000,748892.2,1
4,9,1500000,1055365.12,1
4,9,178000,153281.48,1
4,9,150000,55576.76,1
4,9,125000,46554.43,1
4,9,170000,63099.04,1
4,9,525000,417190.12,1
4,9,200000,77026.39,1
4,9,455000,385652.21,1
4,9,700000,504437.93,1
4,9,300000,210202.62,1
4,9,450000,356932.17,1
4,9,315000,259073.8,1
4,9,1000000,836861.92,1
4,9,400000,360223.18,1
4,9,250000,99351.36,1
4,9,300000,276549.84,1
4,9,700000,526773.23,1
4,9,320000,339119.5,1
4,9,500000,216898.93,1
4,9,322000,251626.65,1
4,9,180000,82370.78,1
4,9,200000,144935.85,1
4,9,300000,128351.93,1
4,9,120000,79956.45,1
4,9,350000,293363.38,1
4,9,160000,118116.06,1
4,9,350000,247511.17,1
4,9,350000,214135.78,1
4,9,600000,400711.58,1
4,9,154000,113729.01,1
4,9,150000,103659.81,1
4,9,144000,108669.89,1
4,9,500000,362277.75,1
4,9,301000,230678.22,1
4,9,485000,383833.02,1
4,9,460000,301328.07,1
4,9,450000,218998.67,1
4,9,600000,344100.43,1
4,9,865000,564444.42,1
4,9,700000,428200.98,1
4,9,400000,357151.05,1
4,9,330000,265724,1
4,9,1000000,598078.88,1
4,9,800000,619653.34,1
4,9,430000,342037.8,1
4,9,400000,359857.11,1
4,9,150000,94339.26,1
4,9,200000,170307.91,1
4,9,310000,280039.91,1
4,9,120000,77401.68,1
4,9,150000,130953.69,1
4,9,300000,223173.2,1
4,9,300000,223173.2,1
4,9,155000,133203.54,1
4,9,175000,140501.2,1
4,9,300000,229631.22,1
4,9,300000,230783.28,1
4,9,400000,308419.57,1
4,9,138000,118081.49,1
4,9,300000,240156.53,1
4,9,138000,118314.77,1
4,9,126000,115040.14,1
4,9,165000,144366.04,1
4,9,310000,281092.59,1
4,9,160000,108111.29,1
4,9,300000,193582.1,1
4,9,170000,144634.31,1
4,9,145000,118994.57,1
4,9,149000,122172,1
4,9,285000,242521.55,1
4,9,150000,136369.95,1
4,9,133000,111861.08,1
4,9,300000,238946.28,1
4,9,200000,124298.57,1
4,9,150000,119699.45,1
4,9,150000,110504.18,1
4,9,146000,90544.71,1
4,9,130000,107640.42,1
4,9,440000,407794.12,1
4,9,400000,381908.44,1
4,9,139000,119789.17,1
4,9,150000,141410.82,1
4,9,140000,125492.31,1
4,9,350000,279943.85,1
4,9,370000,364148.27,1
4,9,100000,69588.52,1
4,9,155000,143767.64,1
4,9,200000,139526.5,1
4,9,300000,268075.79,1
4,9,160000,111204.56,1
4,9,430000,407167.04,1
4,9,200000,174878.73,1
4,9,123000,103214.47,1
4,9,300000,210113.83,1
4,9,150000,126752.64,1
4,9,123000,104177.89,1
4,9,125000,83854.99,1
4,9,305000,257372.3,1
4,9,200000,133856.79,1
4,9,300000,218075.93,1
4,9,123000,104581.42,1
4,9,300000,277086.52,1
4,9,140000,125539.43,1
4,9,300000,269707.75,1
4,9,250000,223515.99,1
4,9,130000,103796.67,1
4,9,250000,188080.1,1
4,9,230000,199698.68,1
4,9,195000,180774.79,1
4,9,325000,304117.38,1
4,9,135000,124796.36,1
4,9,200000,165288.63,1
4,9,135000,114720.54,1
4,9,280000,238237.31,1
4,9,190000,165734.4,1
4,9,251000,213953.9,1
4,9,336000,275486.48,1
4,9,310000,262474.59,1
4,9,300000,247304.85,1
4,9,100000,84773.13,1
4,9,100000,82251.77,1
4,9,175000,119311.78,1
4,9,160000,136058,1
4,9,430000,347533.53,1
4,9,190000,107202.3,1
18,15,1000000,1251468.31,6
5,9,400000,383661.57,1
5,9,163000,163000,1
5,9,487000,459250.98,1
5,9,248000,248000,1
5,9,150000,146317.54,1
5,9,451000,426801.96,1
5,9,200000,187518.87,1
5,9,250000,219516.51,1
5,9,300000,262603.82,1
5,9,200000,184190.48,1
5,9,250000,212647,1
5,9,168000,159845.64,1
5,9,300000,276590.33,1
5,9,200000,190241.66,1
5,9,250000,231063.07,1
5,9,250000,218123.31,1
5,9,245000,245000,1
5,9,195000,171648.07,1
5,9,350000,323860.4,1
5,9,250000,224074.55,1
5,9,280000,267380.95,1
5,9,130000,130000,1
5,9,245000,245000,1
5,9,330000,330000,1
5,9,200000,200000,1
5,9,250000,250000,1
5,9,335000,335000,1
5,9,200000,200000,1
5,9,300000,283700.29,1
5,9,550000,534942.52,1
5,9,130000,123362.56,1
5,9,200000,183860.33,1
5,9,300000,285438.66,1
5,9,300000,276209.59,1
5,9,177000,163278.16,1
5,9,445000,425468.05,1
5,9,310000,286518.18,1
5,9,397000,380805.8,1
5,9,110000,97245.93,1
5,9,260000,240564.98,1
5,9,300000,269856.28,1
5,9,300000,278113.3,1
5,9,200000,190191.66,1
5,9,250000,243817.7,1
5,9,145000,137633.24,1
5,9,200000,195355.22,1
5,9,220000,214654.06,1
5,9,200000,200000,1
5,9,250000,250000,1
5,9,290000,290000,1
5,9,200000,200000,1
5,9,250000,250000,1
5,9,250000,250000,1
5,9,250000,250000,1
5,9,100000,100000,1
5,9,275000,275000,1
6,0,990000,0,2
1,16,2000000,475697.79,3
1,15,7000000,-1397961.49,3
20,9,2450000,921830.4,1
16,13.25,400000,157528.49,1
16,9,400000,98510.99,1
16,10.27,60000,53186.94,1
16,10.78,90000,77813.71,1
16,11.75,241200,223233.14,1
16,11.56,183600,157455.74,1
16,9,100000,19132.01,4
16,9,360000,60317.28,1
16,11,450000,255256.25,1
16,9,90000,15581.54,1
16,9,450000,152111.32,1
16,11.83,100000,97991.16,1
16,13,230000,230000,1
16,11.25,175000,99797.6,1
16,9.75,80000,41952.85,1
16,13.75,54000,10060.43,1
16,12.75,200000,72526.88,1
16,8.5,495000,435268.98,1
16,13.03,404000,252780.92,1
16,10.75,150000,74429.73,4
16,11.25,85000,78275.2,1
16,11.25,54000,49744.22,1
16,11.81,445500,429181.06,1
16,9,480000,305896,1
16,11.56,70000,53621.79,1
16,14,200000,137670.45,1
16,10.25,193500,170137.54,1
16,11.5,90000,0,1
16,10.25,200000,97259.05,1
16,13,225000,91258.04,1
16,11,499000,210740.95,1
16,11.78,900000,539561.14,1
16,6.5,240000,240000,1
17,11.32,247000,226106.39,1
17,8.25,5000000,3870735.45,1
17,7,180000,184741.44,1
17,9,270000,4215.91,1
17,,300000,299219.98,1
17,11.25,117000,5290.48,1
17,10.78,445000,492670.53,1
17,7,490000,103846.1,1
17,12.5,500000,-0.14,1
17,6.5,499500,389214.51,1
17,8.5,2000000,6635.28,1
17,13.75,54000,64109.5,1
17,11.75,1500000,1033962.88,1
2,9,2700000,2657728.42,1
2,9,2800000,2792214.67,1
4,9,960000,783642.08,1
4,9,560000,506217.77,1
4,9,300000,65374.24,1
4,9,755000,532712.96,1
4,9,720000,450003.34,1
4,9,1000000,897973.37,1
4,9,500000,328072.88,1
4,9,500000,510479.17,1
4,9,700000,492473.54,1
4,9,500000,356140.67,1
4,9,350000,261427.8,1
4,9,380000,317869.2,1
4,9,174000,56247.78,1
4,9,1200000,1210840.8,1
4,0,500000,0,2
4,10.5,160000,135285.33,3
4,12.5,265000,129071.57,3
4,9,2000000,1635991.43,1
4,9,970000,646001.48,1
4,17,700000,362866.19,3
4,9,500000,380808.18,1
4,13.5,100000,50731.54,3
4,9,1500000,1198704.39,1
4,9,740000,596264.32,1
4,9,600000,233073.69,1
4,9,380000,168412.27,1
4,12.5,430000,8288.56,4
4,12.5,200000,27917.8,1
4,9,2000000,1800592.39,1
4,9,100000,7674.93,1
4,9,480000,183127.25,1
4,9,1930000,1905374.02,1
4,9,200000,58393.45,1
4,9,700000,438957.75,1
4,9,1500000,1356220.7,1
4,9,118000,48967.69,1
4,9,700000,504576.06,1
4,9,310000,195581.91,1
4,9,100000,9273.42,1
4,9,680000,508719.67,1
4,9,400000,331652.12,1
4,9,342000,248198.65,1
4,9,400000,273538.17,1
4,9,1375000,1230522.19,1
4,9,500000,48478.28,1
4,9,320000,272316.64,1
4,9,300000,196142.27,1
4,9,304000,236833.63,1
4,9,295000,138240.23,1
4,9,1500000,1214317.33,1
4,9,495000,440239.36,1
4,9,1000000,881847.91,1
4,9,500000,363241.48,1
4,9,370000,283618.14,1
4,9,300000,182969.08,1
4,9,290000,188943.67,1
4,9,220000,181148.56,1
4,9,500000,444311.24,1
4,9,300000,255497.25,1
4,9,280000,230269.31,1
4,9,120000,130411.7,1
4,9,380000,283521.85,1
4,9,295000,241836.71,1
4,9,301000,301375.86,1
4,9,200000,170299.79,1
4,9,250000,192630.15,1
4,9,150000,126764.44,1
4,9,285000,256033.83,1
4,9,240000,209077.43,1
4,9,210000,194476.71,1
4,9,1000000,982874.83,1
4,9,200000,145289.03,1
4,9,260000,240269.3,1
4,9,240000,174282.8,1
4,9,350000,254068.82,1
4,9,250000,224756.46,1
4,9,200000,189933.37,1
4,9,520000,447347.96,1
4,9,270000,223139.67,1
4,9,242000,223558.4,1
4,9,380000,338144.02,1
4,9,300000,239848.17,1
4,9,800000,713023.14,1
4,9,260000,213429.54,1
4,9,290000,239581.05,1
4,9,240000,204930.55,1
4,9,200000,165340.98,1
4,9,455000,300242.15,1
4,9,238000,144935.68,1
4,9,163000,139706.31,1
4,9,200000,36691.17,1
4,9,300000,119459.5,1
4,9,290000,248386.66,1
4,9,304000,232213.45,1
4,9,350000,318440.58,1
4,9,490000,405469.08,1
4,9,200000,197049.1,1
4,9,280000,206979.06,1
4,9,360000,330802.3,1
4,9,170000,119313.83,1
4,9,840000,771872.04,1
4,9,400000,237797.09,1
18,9,1000000,263613.06,1
5,9,800000,733038.59,1
5,9,800000,771066.85,1
5,9,400000,367454.25,1
5,9,450000,413269.15,1
5,9,1075000,1075000,1
5,9,2000000,1947261.08,1
5,9,360000,335206.19,1
5,9,200000,182877.58,1
5,9,400000,378640.65,1
5,9,425000,382557.38,1
5,9,800000,774470.34,1
5,9,800000,800000,1
5,9,300000,300000,1
5,9,350000,340710.45,1
5,9,300000,292710.08,1
5,9,301000,295390.85,1
5,9,250000,243925.07,1
5,9,2000000,1935168.08,1
5,9,120000,117114.03,1
5,9,439000,428391.57,1
5,9,200000,190242.05,1
5,9,435000,416017.4,1
5,9,280000,258830.95,1
5,9,275000,254500.18,1
5,9,300000,278113.3,1
5,9,295000,272429.77,1
5,9,200000,179413.09,1
5,9,250000,230495.75,1
5,9,280000,251646.12,1
5,9,250000,225225.62,1
5,9,150000,139751.61,1
5,9,265000,238864.1,1
5,9,250000,225785.38,1
5,9,200000,180631.13,1
5,9,140000,126305.41,1
5,9,240000,209460.19,1
5,9,2000000,1861225.8,1
5,9,200000,175733.77,1
5,9,490000,428658.17,1
5,9,200000,169338.44,1
9,9,450000,450000,1
1,9,3000000,2432383.61,5
1,9,4500000,3999190.39,1
1,9,3000000,3000000,5
1,9,4500000,4044811.64,1
1,9,4000000,3997206.58,1
16,9.75,100000,88588.53,1
16,12.5,1200000,343469.91,1
16,12.25,120000,111118.34,1
16,8,520000,439202.98,1
16,8.5,800000,780601.53,1
16,8.5,800000,803529.31,1
17,15.25,3150000,283480.52,3
17,0,450000,402.5,3
2,9,3500000,2711339.63,1
2,9,5000000,4647997,1
2,9,2200000,2173213.67,1
3,9,3900000,3705988.98,1
4,9,200000,123288.92,1
4,9,850000,214323.95,1
4,9,200000,73430.57,1
4,9,700000,452722.5,1
4,9,1500000,1079533.64,1
4,13.5,190000,150787.47,3
4,9,200000,125969.88,1
4,9,600000,377871.77,1
4,9,200000,126151.47,1
4,0,400000,0,2
4,9,1390000,776885.48,1
4,9,200000,153006.85,1
4,9,320000,189316.51,1
4,9,450000,405790.28,1
4,9,220000,156288.46,1
4,9,350000,192822.89,1
4,9,150000,111473.57,1
4,9,200000,125972.5,1
4,9,200000,92351.81,1
4,9,300000,245801.92,1
4,9,300000,189464.68,1
4,9,300000,84393.85,1
4,9,450000,54048.82,1
4,9,345000,172571.18,1
4,9,800000,391552.02,1
4,9,700000,521989.25,1
4,9,630000,275309.76,1
4,9,150000,127830.37,1
4,9,300000,212676.56,1
4,9,210000,159960.13,1
4,9,590000,480282.36,1
4,9,400000,98659.47,1
4,9,695000,570345.48,1
4,9,800000,153069.55,1
4,9,150000,87030.27,1
4,9,200000,145196.68,1
4,9,700000,126884.3,1
4,9,617000,524292.97,1
4,9,2000000,626174.4,1
4,9,1000000,211985.78,1
4,9,473000,462435.67,1
4,9,700000,464199.31,1
4,9,640000,262262.97,1
4,9,1000000,527051.01,1
4,9,200000,49974.01,1
4,9,2000000,1398950.8,1
4,9,469000,402407.95,1
4,9,133000,91624.71,1
4,9,370000,217295.04,1
4,9,444000,296702.92,1
4,9,140000,94428.06,1
4,9,384000,262322.42,1
4,9,145000,99040.84,1
4,9,230000,74206.42,1
4,9,1200000,456416.52,1
4,9,840000,774500.9,1
4,9,475000,218155.86,1
4,9,650000,579909.25,1
4,9,1000000,517391.03,1
4,9,650000,597281.95,1
4,9,140000,47732.08,1
4,9,670000,565117.98,1
4,9,600000,471918.97,1
4,9,450000,44044.3,1
4,9,850000,748493.93,1
4,9,1000000,762052.98,1
4,9,200000,25958.8,1
4,9,434000,322693.03,1
4,9,450000,280468.34,1
4,9,700000,187158.31,1
4,9,1700000,1358094.38,1
4,9,1320000,1085802.72,1
4,9,200000,75107.67,1
4,9,2000000,715633.53,1
4,9,280000,180093.19,1
4,9,430000,165209.36,1
4,9,165000,15919.2,1
4,9,310000,99617.33,1
4,9,200000,90694.56,1
4,9,200000,118950.44,1
4,9,467000,338510.66,1
4,9,500000,262333.28,1
4,9,320000,228858.09,1
4,9,2000000,874019.68,1
4,9,391000,366465.14,1
4,9,600000,418477.43,1
4,9,300000,210514.56,1
4,9,700000,522318.12,1
4,9,210000,127851.97,1
4,9,125000,76141.01,1
4,9,800000,485612.28,1
4,9,2000000,570713.15,1
4,9,135000,85048.05,1
4,9,365000,171298.1,1
4,9,145000,67774.91,1
4,9,2000000,834948.66,1
4,9,1000000,580307.13,1
4,9,310000,210539.92,1
4,9,400000,241659.18,1
4,9,150000,51224.01,1
4,9,600000,509890.74,1
4,9,185000,125433.96,1
4,9,126000,122044.09,1
4,9,303000,182302.77,1
4,9,132000,76897.43,1
4,9,120000,67864.83,1
4,9,308000,188508.79,1
4,9,140000,65167.66,1
4,9,1500000,1157921.28,1
4,9,300000,210697.29,1
4,9,148000,96589.38,1
4,9,370000,314799.48,1
4,9,100000,46310.06,1
4,9,400000,322246.62,1
4,9,300000,255577.73,1
4,9,168000,96035.6,1
4,9,570000,191501.76,1
4,9,320000,255790.18,1
4,9,129000,102088.08,1
4,9,190000,96778.04,1
4,9,2000000,1887812.18,1
4,9,470000,425964.21,1
4,9,140000,94982.96,1
4,9,850000,574388.07,1
4,9,155000,89909.06,1
4,9,490000,323644.67,1
4,9,150000,74412.21,1
4,9,225000,88572.55,1
4,9,490000,333480.69,1
4,9,480000,368901.46,1
4,9,540000,444695.67,1
4,9,120000,80174.24,1
4,9,499000,297698.81,1
4,9,315000,290995.47,1
4,9,160000,97601.26,1
4,9,300000,127959.58,1
4,9,100000,45754.13,1
4,9,145000,102839.1,1
4,9,200000,215421.01,1
4,9,215000,135127.6,1
4,9,270000,144640.71,1
4,9,577800,458788.5,1
4,9,200000,189060.23,1
4,9,300000,275288.87,1
4,9,360000,286081.68,1
4,9,700000,531833.87,1
4,9,640000,491541.08,1
4,9,350000,169777.37,1
4,9,445000,338646.44,1
4,9,141000,101422.9,1
4,9,525000,376216.34,1
4,9,320000,231759.56,1
4,9,360000,328537.72,1
4,9,350000,251682.7,1
4,9,340000,222593.94,1
4,9,433000,342381.65,1
4,9,155000,92115.43,1
4,9,305000,261263.24,1
4,9,320000,267662.39,1
4,9,340000,221452.91,1
4,9,310000,157970.57,1
4,9,400000,338978.45,1
4,9,323000,236843.07,1
4,9,350000,188060.39,1
4,9,120000,87711.91,1
4,9,125000,70416.24,1
4,9,255000,136917.42,1
4,9,250000,112728.59,1
4,9,130000,104088.74,1
4,9,300000,236943.65,1
4,9,120000,71666.35,1
4,9,800000,638266.75,1
4,9,150000,116907.65,1
4,9,131000,112647.03,1
4,9,128900,107318.25,1
4,9,200000,123713.14,1
4,9,400000,310219.31,1
4,9,495000,449313.76,1
4,9,156000,123972.59,1
4,9,180000,141765.17,1
4,9,162000,138196.27,1
4,9,600000,491856.63,1
4,9,300000,132281.39,1
4,9,810000,525165.89,1
4,9,120000,99934.6,1
4,9,175000,153124.73,1
4,9,300000,280961.41,1
4,9,370000,338646.3,1
4,9,330000,266378.7,1
4,9,125000,54921.75,1
4,9,300000,245887.63,1
4,9,171000,110675.38,1
4,9,515000,471311.75,1
4,9,160000,145576.17,1
4,9,165000,139755.75,1
4,9,200000,139889.42,1
4,9,174000,163393.56,1
4,9,200000,134153.27,1
4,9,160000,107569.9,1
4,9,340000,322124.6,1
4,9,330000,303353.76,1
4,9,170000,135365.64,1
4,9,200000,139536.35,1
4,9,136000,113961.49,1
4,9,200000,178193.02,1
4,9,160000,111396.76,1
4,9,300000,269769.91,1
4,9,730000,629691.71,1
4,9,155000,127936.43,1
4,9,1500000,1084456.08,1
4,9,156000,148133.56,1
4,9,150000,93196.12,1
4,9,200000,152562.28,1
4,9,380000,342908.23,1
4,9,120000,103255.12,1
4,9,427000,363201.02,1
4,9,158000,150355.66,1
4,9,300000,238660.71,1
4,9,530000,458342.45,1
4,9,160000,128972.88,1
4,9,100000,75086.4,1
4,9,2000000,1209266.54,1
4,9,175000,156167.08,1
4,9,120000,86494.61,1
4,9,300000,233938.88,1
4,9,1315000,748067.61,1
4,9,600000,258704.05,1
4,9,390000,366071.57,1
4,9,500000,274080.67,1
4,9,560000,330861.65,1
4,9,250000,40122.48,1
4,9,300000,290664.4,1
4,9,460000,208779.77,1
4,9,345000,240904.05,1
4,9,425000,296310.92,1
4,9,315000,223714.44,1
4,9,320000,187732.47,1
4,9,355000,217900.77,1
4,9,510000,359685.42,1
4,9,370000,268502.66,1
4,9,300000,13454.39,1
4,9,622000,502818.19,1
4,9,390000,311765.03,1
4,9,414000,312907.98,1
4,9,450000,348868.18,1
4,9,345000,295473.84,1
4,9,380000,326160.82,1
4,9,500000,354789.54,1
4,9,650000,390278.64,1
21,13,300000,403676.87,3
22,0,300000,0,2
22,0,300000,0,2
23,13,200000,231430.68,3
23,13,300000,323387.27,3
23,13,150000,247782.15,3
23,13,76000,129745.97,3
7,9,500000,500000,1
7,9,500000,500000,1
7,9,500000,500000,1
5,9,220000,208878.28,1
5,9,300000,300000,1
5,9,470000,443460.07,1
5,9,315000,315000,1
5,9,870000,870000,1
5,9,300000,269733.56,1
5,9,600000,600000,1
5,9,650000,628274.59,1
5,9,216000,209347.26,1
5,9,300000,292410.08,1
5,9,385000,373719.6,1
5,9,505000,480106.74,1
5,9,610000,592685.17,1
5,9,400000,400000,1
5,9,150000,138675.91,1
5,9,330000,330000,1
5,9,280000,258861.68,1
5,9,200000,185256.56,1
5,9,300000,285438.66,1
5,9,350000,350000,1
5,9,165000,156991.26,1
5,9,420000,395424,1
5,9,540000,454425.28,1
5,9,125000,105238.35,1
5,9,471000,437261.96,1
5,9,1500000,1271212.31,1
5,9,325000,301595.23,1
5,9,394000,365443.03,1
5,9,250000,218252.17,1
5,9,390000,360767.14,1
5,9,350000,323310.59,1
5,9,500000,479775.31,1
5,9,335000,327143.86,1
5,9,375000,365512.6,1
5,9,165000,160371.79,1
5,9,345000,345000,1
5,9,417000,404677.76,1
5,9,368000,356757.7,1
5,9,550000,550000,1
5,9,340000,340000,1
5,9,311000,311000,1
5,9,300000,287575.77,1
5,9,380000,362070.33,1
5,9,180000,170492.27,1
5,9,225000,213625.51,1
5,9,380000,360023.86,1
5,9,485000,465504.23,1
5,9,300000,293020.19,1
5,9,300000,292710.08,1
5,9,300000,277199.52,1
5,9,790000,778143.4,1
5,9,140000,136143.04,1
5,9,128500,128500,1
5,9,410000,410000,1
5,9,345000,345000,1
5,9,417000,417000,1
9,9,1000000,958181.06,1
9,9,319000,319000,1
6,0,990000,0,2
6,0,500000,0,2
6,0,990000,0,2
6,0,350000,0,2
6,0,700000,0,2
6,0,495000,0,2
6,17.5,500000,195592.83,6
6,0,700000,0,2
24,0,700000,0,2
16,12.56,450000,214730.53,1
16,13,480000,240926.54,1
16,8.5,305000,274948.34,1
16,13.02,540000,289347.34,5
16,12.25,55000,34161.01,1
16,12,1600000,491326.48,1
16,9,220000,87669.75,1
16,9,80000,7248.87,1
16,10,360000,238701.82,1
16,10.25,378000,339171.78,1
16,12,72000,43204.64,1
16,11.75,200000,35109.56,1
16,9,450000,236818.41,1
16,11.25,499000,465626.16,1
16,11.98,205000,117123.09,1
16,8.5,80000,81382.08,1
16,11.78,180000,92961.69,1
17,9,1600000,31878.97,1
17,8.5,480000,15270.31,1
17,9,400000,-6010.46,1
17,12.52,400000,405216.23,1
17,14.03,260000,185244.7,1
17,13.03,450000,40889.99,1
17,13.03,180000,-240.75,1
17,13.03,180000,-315.7,1
17,13.03,180000,-103.84,1
17,8.5,400000,81393.45,1
4,9,470000,251066.88,1
4,0,500000,0,2
4,0,300000,0,2
4,0,350000,0,2
4,9,901000,249842.34,1
4,0,300000,0,2
4,9,500000,184877.95,1
4,9,1800000,1445594.08,1
4,9,500000,148702.6,1
4,9,880000,633798.38,1
4,9,150000,113905.09,1
4,9,330000,316139.87,1
4,9,150000,43662.85,1
4,9,340000,303952.84,1
4,9,260000,136557.3,1
4,9,320000,181425.76,1
4,9,210000,178732.57,1
4,9,320000,220428.74,1
4,9,200000,76130.87,1
4,9,400000,69950.07,1
4,9,300000,52706.44,1
4,9,1500000,777862.82,1
4,9,195000,130563,1
4,9,300000,168990.19,1
4,9,200000,41471.02,1
4,9,400000,79673.57,1
4,9,225000,100991.89,1
4,9,300000,68070.68,1
4,9,230000,142379.77,1
4,10,500000,150,1
4,9,200000,81551.08,1
4,9,220000,-951.95,1
4,9,180000,92376.58,1
4,9,170000,21915.88,1
4,9,180000,110725.97,1
4,9,340000,145133.74,1
4,9,350000,260518.52,1
4,9,160000,139569.29,1
4,9,340000,139703.05,1
4,9,145000,40268.81,1
4,9,133000,62320.41,1
4,9,190000,91790.79,1
4,9,755000,703220.93,1
4,9,120000,98125.44,1
4,9,375000,244412.04,1
4,9,100000,66386.94,1
4,9,200000,53848.52,1
4,9,500000,392536.24,1
4,9,250000,219283.02,1
4,9,600000,449446.7,1
4,9,320000,279145.74,1
4,9,120000,71576.21,1
4,9,130000,92453.98,1
4,9,154000,135759.91,1
4,9,390000,375007.7,1
4,9,210000,146869.95,1
4,9,300000,209439.68,1
4,9,300000,237345.66,1
4,9,400000,382434.59,1
4,9,310000,276872.6,1
4,9,157000,132971.45,1
4,9,250000,219089.73,1
4,9,220000,186983.48,1
18,15,990000,541266.31,4
5,9,200000,189031.14,1
5,9,600000,572598.73,1
5,9,220000,193394.4,1
5,9,295000,265464.38,1
5,9,311000,279464.68,1
5,9,310000,278486.78,1
5,9,250000,231570.72,1
5,9,250000,231761.09,1
5,9,320000,296329.3,1
5,9,305000,282206.59,1
5,9,293000,270805.91,1
5,9,295000,280230.08,1
5,9,280000,271726.07,1
5,9,230000,230000,1
5,9,2000000,1855040.69,1
5,9,155000,149060.16,1
5,9,325000,317273.75,1
25,9,10000000,10241032.95,1
1,9,7500000,7487889.9,1
1,9,3000000,3000000,1
1,9,2000000,2020935.52,1
16,9,400000,262559.31,1
16,12.25,478000,267659.35,1
16,11.5,200000,18470.27,1
16,10.02,915000,891533.18,1
16,9,59880,0,1
16,11.23,124000,75703.09,1
16,12.5,250000,0,4
16,12.5,105000,88427.65,1
16,12.5,200000,200000,1
16,7.58,999000,924537.51,1
16,10.9,160200,84587.93,1
16,13.02,400000,126085.15,1
16,11.54,120000,68456.6,1
16,12.75,211500,121587.72,1
16,10.25,50000,6805.5,1
16,10.25,230000,223641.85,1
16,12.53,200000,86139.22,1
16,12.75,183600,88027.14,1
16,9,90000,69073.74,1
16,13.02,100000,41977.72,1
16,13.02,200000,142741.69,1
16,10.25,202500,123244.23,1
16,9.91,184500,0,1
16,9,400000,180045.66,1
16,8.25,120000,111145.4,1
16,9,810000,602788.13,1
16,11.25,50000,22937,4
16,13.02,80000,0,1
16,12.75,1008000,228524.48,1
16,9,4800000,3013839.68,1
16,9,1500000,1375418.46,1
16,8,300000,217385.01,1
16,10.25,200000,113259.11,1
16,11.05,219200,164054.06,1
16,10.25,64800,36790.35,1
16,8.5,94000,94333.33,1
16,10.5,76500,70739.5,1
16,13.5,495000,327675.93,1
16,13,225000,174991.91,1
17,13.03,500000,270.33,1
17,5,330000,141720.84,1
17,8.5,4400000,1558.99,1
17,8.5,90000,72065.01,1
17,9,1000000,71023.96,1
17,13.03,2250000,2318957.87,1
17,9,1800000,1508219.51,1
17,9,900000,754162.08,1
2,9,8500000,7686041.01,1
4,9,1000000,761556.6,1
4,9,700000,147220.11,1
4,9,1000000,705147.35,1
4,0,200000,0,2
4,9,430000,159671.22,1
4,9,1500000,682644.23,1
4,9,200000,139389.68,1
4,9,700000,143583.64,1
4,0,375000,0,2
4,0,500000,0,2
4,0,600000,0,2
4,0,190000,0,2
4,9,390000,215835.89,1
4,9,1000000,389728.03,1
4,9,1500000,1150169.58,1
4,9,100000,57428.58,1
4,17,110000,81905.25,3
4,9,200000,110247.41,1
4,9,350000,28119.26,1
4,9,835000,733723.6,1
4,9,100000,20523.63,1
4,9,165000,110215.17,1
4,9,2000000,928778.51,1
4,20,500000,479551.56,3
4,9,300000,65637,1
4,9,300000,181035.71,1
4,12.5,175000,52266.78,3
4,9,150000,118238.52,1
4,16,150000,19781.64,1
4,9,325000,90746,1
4,9,99000,8683.21,1
4,14,700000,526084.48,3
4,9,100000,7584.29,1
4,9,1000000,263047.38,1
4,10.25,100000,70626.54,3
4,9,100000,85240.61,1
4,9,450000,226555.35,1
4,9,700000,228477.05,1
4,9,150000,50904.26,1
4,9,105000,23069.6,1
4,9,350000,186231.6,1
4,9,650000,485358.58,1
4,9,170000,76280.07,1
4,9,1000000,331642.78,1
4,9,750000,276375.02,1
4,9,500000,289614.98,1
4,9,280000,68460.2,1
4,9,500000,132218.5,1
4,9,1150000,854971.4,1
4,9,2000000,1600078.53,1
4,9,500000,191077.66,1
4,9,200000,59850.31,1
4,9,370000,125958.09,1
4,9,1200000,1058725.37,1
4,9,840000,270102.3,1
4,9,1800000,1341651.93,1
4,9,350000,119789.93,1
4,9,200000,147314.49,1
4,9,1000000,440662.45,1
4,9,1000000,768289.36,1
4,9,1000000,361028.57,1
4,9,250000,120384.25,1
4,9,1800000,933717.87,1
4,9,160000,-621.73,1
4,9,700000,649858.71,1
4,9,150000,-1359.79,1
4,9,1000000,863982.53,1
4,9,160000,63787.57,1
4,9,300000,184937.8,1
4,9,300000,148841.02,1
4,9,1500000,962335.3,1
4,0,500000,0,2
4,9,1000000,611752.69,1
4,9,800000,96926.02,1
4,9,1500000,1026790.99,1
4,9,250000,226924.37,1
4,9,135000,140480.16,1
4,9,1000000,563741.05,1
4,9,400000,273797.47,1
4,9,150000,42361.76,1
4,9,400000,361969.17,1
4,9,300000,153629.09,1
4,9,1700000,1383256.61,1
4,9,544000,390602.38,1
4,9,200000,188918.45,1
4,9,367000,268001.7,1
4,9,200000,58499.2,1
4,9,160000,87834.06,1
4,9,350000,282804.2,1
4,9,350000,281269.77,1
4,9,700000,540425.39,1
4,9,250000,151240.04,1
4,9,1320000,795968.97,1
4,9,200000,121912.21,1
4,9,595000,361755.79,1
4,9,300000,109972.1,1
4,9,500000,427061.21,1
4,9,350000,247551.82,1
4,9,157000,76070.71,1
4,9,300000,173373.28,1
4,9,350000,252735.38,1
4,9,200000,96322.27,1
4,9,270000,143625.37,1
4,9,250000,165010.02,1
4,9,100000,51275.21,1
4,9,100000,51015.48,1
4,9,250000,164684.12,1
4,9,200000,150320.08,1
4,9,200000,142855.64,1
4,9,200000,142906.58,1
4,9,190000,139572.36,1
4,9,335000,308573.94,1
4,9,320000,286068.96,1
4,9,150000,111632.69,1
4,9,1000000,828227.93,1
4,9,165000,69123.71,1
4,9,600000,415255.18,1
4,9,445000,375122.3,1
4,9,290000,183754,1
4,9,208000,132005.49,1
4,9,282000,205046.93,1
4,9,300000,233070.48,1
4,9,300000,206558.47,1
4,9,437000,425974.93,1
4,9,150000,103536.13,1
4,9,300000,113753.47,1
4,9,123000,108662.28,1
4,9,250000,205195.74,1
4,9,195000,126328.75,1
4,9,190000,155978.29,1
4,9,316000,272254.96,1
4,9,200000,159079.39,1
4,9,180000,111468.22,1
4,9,150000,92999.4,1
4,9,185000,147336.2,1
4,9,240000,212816.47,1
4,9,300000,247131.85,1
4,9,340000,314765.64,1
4,9,195000,161031.92,1
4,9,450000,397587.12,1
4,9,300000,247169.64,1
4,9,200000,169786.33,1
4,9,200000,117973.7,1
4,9,159000,122802.39,1
4,9,100000,73920.01,1
4,9,200000,162704.76,1
4,9,190000,113489.5,1
4,9,190000,151330.62,1
4,9,490000,376393.99,1
4,9,300000,151764.27,1
4,9,150000,123259.84,1
4,9,250000,209940.66,1
4,9,200000,184250.9,1
4,9,230000,197887.23,1
4,9,280000,210448.12,1
4,9,160000,142141.02,1
4,9,100000,82988.84,1
4,9,238000,219213.25,1
4,9,300000,250800.97,1
4,9,198000,168724.93,1
4,9,190000,157024.22,1
4,9,269000,248549.89,1
4,9,220000,203914.9,1
4,9,300000,218013.86,1
4,9,300000,208915.26,1
4,9,100000,86847.72,1
4,9,200000,139326.84,1
4,9,200000,140075.84,1
4,9,295000,249044.73,1
4,9,150000,127093.4,1
4,9,144000,121973.93,1
4,9,100000,81879.03,1
4,9,250000,168753.54,1
4,9,300000,210265.53,1
4,9,300000,254844.72,1
4,9,195000,170564.98,1
4,9,487000,456894.1,1
4,9,100000,63226.44,1
4,9,200000,180530.35,1
4,9,190000,168229.43,1
4,9,142000,116388.68,1
4,9,120000,98984.74,1
4,0,380000,0,2
4,9,150000,118958.58,1
4,9,450000,206975.6,1
4,9,280000,146546.42,1
4,9,300000,178189.38,1
4,9,400000,150845.4,1
18,15,800000,876538.33,6
7,9,1000000,1006098.3,1
7,9,1000000,1000000,1
7,9,1000000,1000000,1
7,9,700000,700000,1
7,9,3000000,3013690.67,1
7,9,300000,300000,1
7,9,1000000,1000000,1
7,9,1000000,996683.36,1
5,9,1400000,1336419.03,1
5,9,2000000,1936679.7,1
5,9,300000,276666.48,1
5,9,644000,614589.29,1
5,9,550000,536085.15,1
5,9,700000,664789.06,1
5,9,1240000,1178563.53,1
5,9,550000,532586.91,1
5,9,100000,88059.66,1
5,9,240000,230196.57,1
5,9,160000,148327.08,1
5,9,410000,393044.95,1
5,9,140000,129573,1
5,9,150000,134598.2,1
5,9,150000,134559.83,1
5,9,220000,197692.07,1
5,9,200000,179259.61,1
5,9,150000,134866.78,1
5,9,365000,338807.56,1
5,9,157000,141401.51,1
5,9,200000,174982.95,1
5,9,145000,126810.46,1
5,9,200000,174962.5,1
5,9,250000,219402.91,1
5,9,545000,498391.75,1
5,9,300000,254085.6,1
5,9,240000,210789.54,1
5,9,300000,254553.08,1
5,9,300000,254553.08,1
5,9,200000,200000,1
5,9,240000,233928.06,1
5,9,215000,203589.38,1
5,9,300000,284855.91,1
5,9,220000,209266.26,1
5,9,300000,284834.01,1
5,9,250000,230428.5,1
5,9,220000,203037.87,1
5,9,320000,320000,1
5,9,250000,250000,1
5,9,310000,310000,1
5,9,300000,300000,1
5,9,220000,220000,1
5,9,160000,160000,1
25,9,11000000,10999966.32,1
25,9,20000000,20467162.44,1
1,9,2500000,2520241.34,1
1,14.5,3000000,3543697.44,3
1,9,9500000,4463342.74,1
1,9,2000000,1677409.19,1
1,0,1600000,-2000,1
1,9,3500000,3500000,1
1,0,600000,0,1
1,0,282013.16,0,1
20,9,1100000,96644.78,1
16,9.87,150000,138634.88,1
16,11.25,90000,22689.61,1
16,13.03,900000,399097.38,1
16,10.25,200000,118688.46,1
16,9,150000,84221.21,1
16,11.25,80000,42307.18,1
16,9,400000,246582.77,1
16,9,90000,67828.24,1
16,8.5,80000,48086.7,1
16,9,500000,365362.85,1
16,10.75,150000,138732.61,1
16,11,360000,360000,1
17,0,540000,0,1
17,5.5,480000,479985,1
17,9,3200000,3369571.33,1
17,0,90000,0,1
2,9,2000000,1674054.33,1
2,9,5500000,3379888.67,1
2,9,5700000,5405599.63,1
4,9,94000,37931.33,1
4,9,365000,196802.88,1
4,9,1000000,500541.54,1
4,9,1100000,804527.5,1
4,9,1600000,1253359.62,1
4,9,800000,494903.49,1
4,9,550000,489793.91,1
4,0,150000,0,2
4,22,200000,18510.25,3
4,9,600000,164140.98,1
4,9,400000,336903.73,1
4,9,2000000,1237952.15,1
4,9,700000,433522.39,1
4,9,600000,415442.12,1
4,9,200000,104342.27,1
4,9,175000,65544.4,1
4,9,200000,98088.33,1
4,9,400000,252619.56,1
4,9,200000,110317.66,1
4,9,200000,82087.21,1
4,9,300000,142296.66,1
4,9,200000,109313.52,1
4,9,200000,153264.68,1
4,9,170000,58895.14,1
4,9,285000,239874.82,1
4,9,200000,68069.4,1
4,9,1200000,864507.93,1
4,9,500000,311776.95,1
4,9,1000000,512552.43,1
4,9,2000000,632564.3,1
4,9,600000,182687.01,1
4,9,1500000,1140129.82,1
4,9,140000,84572.95,1
4,9,200000,45798.91,1
4,9,1000000,622846.46,1
4,9,2000000,1413493.56,1
4,9,1300000,1104151.47,1
4,9,1000000,517444.64,1
4,9,390000,147581.79,1
4,9,268000,146835.71,1
4,9,2000000,714971.25,1
4,9,1000000,568037.87,1
4,9,120000,103297.61,1
4,9,800000,587365.16,1
4,9,798000,490914.76,1
4,9,270000,136250.51,1
4,9,700000,523908.84,1
4,9,1000000,285757.26,1
4,9,1400000,796238.31,1
4,9,360000,71893.55,1
4,9,1200000,1007608.84,1
4,9,480000,257192.92,1
4,9,1000000,734306.63,1
4,9,150000,47919.52,1
4,9,259000,142231.6,1
4,9,300000,56626.97,1
4,9,2000000,1107976.47,1
4,9,1100000,1053963.62,1
4,9,600000,328162.8,1
4,9,200000,43735.79,1
4,9,200000,44395.97,1
4,9,250000,130620.27,1
4,9,300000,178180.51,1
4,9,310000,254597.85,1
4,9,305000,217245.09,1
4,9,100000,51883.06,1
4,9,165000,107043.03,1
4,9,500000,344896.76,1
4,9,1000000,798140.16,1
4,9,140000,104699.03,1
4,9,505000,466887.28,1
4,9,130000,97363.34,1
4,9,195000,125436.25,1
4,9,140000,103746.7,1
4,9,135000,97963.28,1
4,9,300000,222353.52,1
4,9,230000,178342.55,1
4,9,415000,426221.61,1
4,9,900000,700368.3,1
4,9,100000,72968.02,1
4,9,332000,283442.46,1
4,9,700000,645017.63,1
4,9,180000,152819.29,1
4,9,430000,309935.57,1
4,9,400000,88303.09,1
4,9,470000,273334.79,1
4,9,2000000,1210434.19,1
4,9,500000,155475.77,1
4,9,1500000,426647.31,1
4,9,1000000,623482.77,1
4,9,600000,397736.29,1
4,9,150000,85982.37,1
4,9,200000,85308.4,1
4,9,400000,239115.21,1
4,9,1500000,1130979.03,1
4,9,370000,300294.85,1
4,9,513000,415373.85,1
4,9,200000,168519.1,1
4,9,240000,179606.84,1
4,9,200000,171498.42,1
4,9,130000,119787.88,1
4,9,250000,173659.13,1
4,9,200000,145235.66,1
4,9,300000,239531.64,1
4,9,315000,218967.77,1
4,9,205000,142758.8,1
4,9,250000,207702.5,1
4,9,305000,288158.92,1
4,9,325000,273536.22,1
4,9,180000,168141.99,1
4,9,190000,127826.62,1
4,9,470000,394190.54,1
4,9,350000,312757.51,1
4,9,499000,417661.63,1
4,9,400000,418261.98,1
4,9,270000,220726.61,1
4,9,126000,114072.06,1
4,9,335000,349408.11,1
4,9,500000,458149.09,1
4,9,280000,229938.44,1
4,9,172000,146587.15,1
4,9,850000,682810.5,1
4,9,180000,161765.1,1
4,0,100000,0,2
26,0,300000,0,2
23,13,230000,360611.62,3
27,9,2380293.61,2550282.3,1
27,9,17932355,19170948.8,1
7,9,500000,500000,1
7,9,700000,700000,1
7,9,2000000,2000000,1
7,9,600000,600000,1
7,9,700000,700000,1
7,9,600000,603062.4,1
7,9,1900000,1875105.01,1
7,9,660000,675876.49,1
7,9,1635000,1675875.86,1
7,9,1000000,1025909.74,1
7,9,1249000,1281135.35,1
7,9,1296000,1329587.33,1
7,9,1000000,1025969.42,1
7,9,1000000,978397.86,1
5,9,310000,304804.91,1
5,9,200000,179822.36,1
5,9,500000,500000,1
5,9,200000,200000,1
5,9,150000,150000,1
5,9,150000,150000,1
5,9,296000,287401.28,1
5,9,500000,489432.48,1
5,9,200000,194540.05,1
5,9,249000,241704.37,1
5,9,240000,233808.06,1
5,9,243000,236852.16,1
5,9,500000,491495.82,1
5,9,311600,303860.46,1
5,9,310000,302079.58,1
5,9,260000,246036.63,1
5,9,200000,190141.27,1
5,9,270000,256826.77,1
5,9,220000,208898.73,1
5,9,440000,414929,1
5,9,350000,314599.61,1
5,9,200000,186029.3,1
5,9,260000,241520.75,1
5,9,277000,262787.37,1
5,9,347000,347000,1
6,0,400000,0,2
6,17.5,400000,378749.55,3
6,17.5,700000,618102.77,3
6,17.5,300000,117950.28,4
2,9,12000000,10585736.91,1
2,9,9000000,8850644.68,1
2,9,11000000,9637450.64,1
3,9,3600000,2933562.24,1
4,9,1500000,1021592.43,1
4,9,666000,381427.04,1
4,9,1500000,935744.2,1
4,9,500000,443310.5,1
4,9,620000,131856.21,1
4,9,1700000,1560797.52,1
4,9,1000000,126907.61,1
4,9,340000,169618.2,1
4,9,1000000,906533.41,1
4,9,315000,224968.98,1
4,9,410000,331190.22,1
4,9,143000,84995.24,1
4,9,226700,181491.13,1
4,9,420000,341289.3,1
4,9,465000,412873.27,1
4,9,408000,259364.45,1
4,9,400000,85412.59,1
4,9,1000000,321877.34,1
4,9,360000,95541.98,1
4,9,450000,11535.04,1
4,9,950000,568968.35,1
4,9,400000,242145.75,1
4,9,500000,295217.58,1
4,9,1240000,853177.17,1
4,9,500000,99749.39,1
4,9,350000,325644.74,1
4,9,1000000,513258.8,1
4,9,1500000,1011138.17,1
4,9,400000,229678.34,1
4,9,100000,-1067.48,1
4,9,2000000,1182273.3,1
4,9,310000,248247.59,1
4,9,450000,240470.08,1
4,9,550000,446318.92,1
4,9,1700000,1494510.77,1
4,9,300000,125017.28,1
4,9,350000,203436.13,1
4,9,150000,65186.03,1
4,9,450000,275146.87,1
4,9,228000,101839.39,1
4,9,280000,152852.97,1
4,9,308000,234305.97,1
4,9,200000,68060.7,1
4,9,115000,60358.49,1
4,9,1000000,682855.71,1
4,9,315000,223422.96,1
4,9,430000,343045.89,1
4,9,310000,210479.73,1
4,9,280000,191498.69,1
4,9,450000,306603.11,1
4,9,159000,96468.44,1
4,9,275000,174341.78,1
4,9,210000,102033.31,1
4,9,190000,129032.33,1
4,9,300000,155395.5,1
4,9,250000,173297.14,1
4,9,300000,200873.31,1
4,9,278000,143076.89,1
4,9,300000,136627.61,1
4,9,200000,125040.73,1
4,9,2000000,1345643.54,1
4,9,200000,170048.67,1
4,9,300000,147601.81,1
4,9,170000,104284.55,1
4,9,470000,401522.68,1
4,9,180000,128530.17,1
4,9,200000,153097.68,1
4,9,161000,110467.95,1
4,9,250000,203571.75,1
4,9,280000,235505.38,1
4,9,350000,257772.77,1
4,9,350000,284860.28,1
4,9,445000,360565.7,1
4,9,240000,195269.17,1
4,9,300000,153120.81,1
4,9,600000,531259.87,1
4,9,400000,299165.38,1
4,9,200000,153945.87,1
4,9,200000,202587.41,1
4,9,200000,187637.53,1
4,9,420000,314914.9,1
4,9,250000,178087.34,1
4,9,280000,232532.01,1
4,9,300000,223852.68,1
4,9,200000,142361.45,1
4,9,320000,279013.8,1
4,9,280000,224263.97,1
4,9,300000,178585.64,1
4,9,230000,182544.05,1
4,9,500000,391645.57,1
4,9,200000,118447.15,1
4,9,300000,230030.99,1
4,9,250000,206324.03,1
4,9,399000,362383.42,1
4,9,490000,380961.5,1
4,9,200000,147831.89,1
4,9,200000,159537.16,1
4,9,135000,111294.12,1
4,9,270000,215031.18,1
4,9,200000,129174.29,1
4,9,200000,200327.03,1
4,9,430000,339809.55,1
4,9,250000,161574.96,1
4,9,300000,221026.65,1
4,9,110000,93733.24,1
4,9,100000,77690,1
4,9,150000,127432.38,1
4,9,150000,96488.57,1
4,9,300000,193319.59,1
4,9,200000,175441.22,1
4,9,200000,165043.69,1
4,9,1500000,1208184.77,1
4,9,220000,178022.78,1
4,9,220000,156405.87,1
4,9,350000,303857.95,1
4,9,280000,195477,1
4,9,250000,175032.43,1
4,9,300000,262590.96,1
4,9,227000,119321.76,1
4,9,370000,332165.52,1
4,9,200000,204127.7,1
4,9,450000,374740.4,1
4,9,300000,252494.97,1
4,9,220000,182231.91,1
4,9,150000,144833.34,1
4,9,100000,52410.75,1
4,9,300000,208797.07,1
4,9,250000,254181.84,1
4,9,400000,333361.12,1
4,9,400000,359991.22,1
4,9,145000,129639.29,1
4,9,220000,196766.88,1
4,9,190000,170374.95,1
4,9,300000,294837.75,1
4,9,200000,170119.1,1
4,9,400000,338780.82,1
4,9,300000,255098.47,1
4,9,300000,254864.73,1
4,9,300000,268019.14,1
4,9,255000,191749.93,1
4,9,1000000,954099.6,1
4,9,600000,519095.76,1
4,9,239000,190889.25,1
4,9,160000,156949.37,1
4,9,280000,217647.15,1
4,9,200000,190288.75,1
4,9,340000,260327.22,1
4,9,195000,145579.73,1
4,9,520000,237396.9,1
4,9,150000,36767.66,1
4,9,600000,450329.36,1
4,9,1800000,1266495.68,1
4,9,219000,74920.16,1
4,9,145000,88240.98,1
4,9,310000,292468.11,1
4,9,395000,256254.54,1
7,9,1000000,0,1
5,9,2000000,1909170.05,1
5,9,470000,470000,1
5,9,300000,277199.52,1
5,9,310000,283606.54,1
5,9,400000,387235.17,1
5,9,300000,261878.84,1
5,9,250000,217801.17,1
5,9,400000,389452.22,1
5,9,395800,384664.94,1
5,9,340000,340000,1
5,9,260000,239256.43,1
5,9,300000,300000,1
5,9,280000,271866.07,1
5,9,380000,348465.81,1
5,9,360000,328651.9,1
5,9,290000,245626.97,1
5,9,500000,457110.25,1
5,9,360000,335020.63,1
5,9,145000,127072.04,1
5,9,370000,343850.01,1
5,9,1370000,1243764.58,1
5,9,340000,315356.92,1
5,9,910000,793030.7,1
5,9,123000,119211.63,1
5,9,300000,300000,1
5,9,300000,300000,1
5,9,400000,400000,1
5,9,350000,341582.59,1
5,9,230000,223778.56,1
5,9,130000,126687.86,1
5,9,350000,341057.59,1
5,9,220000,213994.06,1
5,9,350000,343084.58,1
5,9,250000,242800.07,1
5,9,190000,185383.05,1
5,9,320000,312304.09,1
5,9,260000,255513.61,1
5,9,280000,258499.96,1
5,9,400000,388545.24,1
5,9,200000,184901.2,1
5,9,200000,184393.55,1
5,9,300000,278192.24,1
5,9,260000,240767.55,1
5,9,200000,185155.03,1
5,9,150000,134866.78,1
5,9,295000,264300.16,1
5,9,200000,180385.11,1
5,9,320000,320000,1
5,9,500000,500000,1
5,9,265000,265000,1
5,9,240000,240000,1
5,9,300000,300000,1
5,9,225000,225000,1
5,9,320000,320000,1
5,9,300000,300000,1
9,9,338800,311846.7,1